Node ID,Search Index
6,0
94,1
127,2
224,3
238,4
265,5
367,6
420,7
444,8
465,9
476,10
487,11
529,12
544,13
570,14
651,15
720,16
739,17
861,18
864,19
885,20
903,21
918,22
930,23
1006,24
1031,25
1159,26
1201,27
1203,28
1252,29
1325,30
1340,31
1346,32
1382,33
1405,34
1427,35
1461,36
1550,37
1568,38
1572,39
1593,40
1600,41
1609,42
1648,43
1655,44
1696,45
1698,46
1761,47
1767,48
1822,49
1891,50
1909,51
1957,52
2092,53
2094,54
2121,55
2151,56
2185,57
2219,58
2225,59
2260,60
2292,61
2348,62
2355,63
2392,64
2411,65
2454,66
2474,67
2550,68
2715,69
2913,70
2957,71
2959,72
3009,73
3167,74
3187,75
3309,76
3314,77
3319,78
3359,79
3362,80
3398,81
3424,82
3452,83
3469,84
3533,85
3537,86
3634,87
3644,88
3656,89
3676,90
3863,91
3992,92
4011,93
4036,94
4105,95
4177,96
4184,97
4207,98
4219,99
4247,100
4270,101
4300,102
4336,103
4367,104
4378,105
4397,106
4432,107
4481,108
4502,109
4546,110
4565,111
4568,112
4573,113
4656,114
4713,115
4750,116
4833,117
4854,118
4940,119
4944,120
4973,121
4977,122
5018,123
5022,124
5065,125
5068,126
5103,127
5126,128
5129,129
5152,130
5197,131
5233,132
5237,133
5289,134
5296,135
5408,136
5430,137
5456,138
5462,139
5560,140
5591,141
5612,142
5613,143
5616,144
5622,145
5629,146
5743,147
5802,148
5823,149
5875,150
5916,151
5935,152
5972,153
6043,154
6108,155
6113,156
6139,157
6204,158
6233,159
6237,160
6245,161
6250,162
6289,163
6359,164
6363,165
6383,166
6446,167
6534,168
6538,169
6542,170
6580,171
6615,172
6616,173
6633,174
6654,175
6685,176
6712,177
6718,178
6741,179
6764,180
6770,181
6785,182
6797,183
6799,184
6884,185
6913,186
6949,187
6967,188
6981,189
7069,190
7082,191
7085,192
7092,193
7112,194
7136,195
7153,196
7162,197
7187,198
7263,199
7285,200
7335,201
7364,202
7374,203
7388,204
7440,205
7444,206
7503,207
7555,208
7594,209
7609,210
7614,211
7641,212
7659,213
7688,214
7786,215
7828,216
7898,217
7903,218
7918,219
7920,220
7938,221
8001,222
8012,223
8027,224
8135,225
8198,226
8302,227
8348,228
8426,229
8458,230
8500,231
8533,232
8544,233
8566,234
8620,235
8624,236
8640,237
8643,238
8833,239
8879,240
8920,241
8930,242
8938,243
8948,244
9009,245
9015,246
9055,247
9149,248
9171,249
9194,250
9206,251
9261,252
9262,253
9294,254
9355,255
9370,256
9373,257
9386,258
9392,259
9432,260
9469,261
9505,262
9511,263
9535,264
9567,265
9650,266
9695,267
9769,268
9786,269
9788,270
9864,271
9877,272
9976,273
9995,274
10016,275
10017,276
10031,277
10073,278
10115,279
10153,280
10221,281
10282,282
10490,283
10511,284
10542,285
10555,286
10575,287
10594,288
10763,289
10829,290
10835,291
10843,292
10851,293
10893,294
10904,295
11016,296
11018,297
11088,298
11128,299
11162,300
11190,301
11200,302
11334,303
11364,304
11420,305
11431,306
11489,307
11497,308
11515,309
11551,310
11568,311
11645,312
11651,313
11659,314
11678,315
11688,316
11689,317
11700,318
11716,319
11730,320
11784,321
11792,322
11811,323
11820,324
11850,325
11859,326
11924,327
11984,328
12068,329
12143,330
12189,331
12236,332
12246,333
12247,334
12250,335
12379,336
12407,337
12412,338
12415,339
12439,340
12536,341
12702,342
12720,343
12769,344
12783,345
12794,346
12795,347
12801,348
12809,349
12824,350
12852,351
12878,352
12888,353
12913,354
12948,355
13009,356
13164,357
13168,358
13191,359
13202,360
13231,361
13232,362
13273,363
13322,364
13498,365
13559,366
13573,367
13714,368
13753,369
13782,370
13807,371
13885,372
13922,373
13961,374
14001,375
14021,376
14040,377
14056,378
14057,379
14090,380
14151,381
14157,382
14182,383
14209,384
14211,385
14292,386
14384,387
14400,388
14419,389
14606,390
14665,391
14674,392
14745,393
14767,394
14804,395
14813,396
14930,397
14936,398
15021,399
15027,400
15046,401
15064,402
15073,403
15081,404
15085,405
15086,406
15117,407
15144,408
15163,409
15167,410
15228,411
15290,412
15344,413
15365,414
15400,415
15405,416
15437,417
15438,418
15451,419
15549,420
15599,421
15614,422
15631,423
15678,424
15711,425
15716,426
15837,427
15842,428
15852,429
15868,430
15973,431
16079,432
16167,433
16213,434
16236,435
16243,436
16380,437
16544,438
16602,439
16703,440
16743,441
16754,442
16756,443
16775,444
16790,445
16851,446
16860,447
16882,448
16954,449
16970,450
17038,451
17171,452
17201,453
17236,454
17251,455
17352,456
17383,457
17412,458
17421,459
17546,460
17566,461
17569,462
17579,463
17608,464
17674,465
17735,466
17788,467
17790,468
17814,469
17821,470
17833,471
17849,472
17908,473
17934,474
18009,475
18025,476
18033,477
18103,478
18174,479
18182,480
18302,481
18359,482
18379,483
18402,484
18661,485
18670,486
18703,487
18707,488
18715,489
18767,490
18769,491
18770,492
18865,493
18866,494
18901,495
18990,496
19008,497
19069,498
19098,499
19103,500
19140,501
19144,502
19210,503
19228,504
19261,505
19287,506
19374,507
19388,508
19501,509
19506,510
19609,511
19635,512
19679,513
19711,514
19730,515
19782,516
19858,517
19884,518
19897,519
19919,520
19939,521
20010,522
20018,523
20077,524
20127,525
20142,526
20167,527
20228,528
20310,529
20467,530
20528,531
20546,532
20551,533
20807,534
20812,535
20832,536
20835,537
20844,538
20852,539
20966,540
20987,541
21033,542
21048,543
21075,544
21170,545
21228,546
21262,547
21297,548
21301,549
21330,550
21389,551
21413,552
21435,553
21460,554
21575,555
21602,556
21634,557
21678,558
21693,559
21758,560
21835,561
21929,562
21934,563
21958,564
21973,565
21974,566
22061,567
22062,568
22090,569
22217,570
22261,571
22266,572
22285,573
22315,574
22356,575
22407,576
22423,577
22472,578
22473,579
22488,580
22497,581
22535,582
22577,583
22618,584
22627,585
22647,586
22702,587
22703,588
22728,589
22893,590
22972,591
23027,592
23038,593
23066,594
23122,595
23185,596
23199,597
23215,598
23334,599
23438,600
23439,601
23449,602
23456,603
23471,604
23507,605
23616,606
23659,607
23690,608
23760,609
23852,610
23881,611
23886,612
23912,613
23951,614
24050,615
24067,616
24083,617
24133,618
24155,619
24157,620
24229,621
24256,622
24324,623
24362,624
24377,625
24383,626
24472,627
24496,628
24641,629
24643,630
24677,631
24721,632
24772,633
24824,634
24858,635
24865,636
24872,637
24914,638
25058,639
25067,640
25168,641
25175,642
25178,643
25209,644
25222,645
25237,646
25260,647
25324,648
25332,649
25367,650
25409,651
25411,652
25439,653
25456,654
25511,655
25531,656
25682,657
25714,658
25732,659
25738,660
25757,661
25766,662
25770,663
25775,664
25781,665
25789,666
25796,667
25831,668
25933,669
25970,670
26002,671
26023,672
26096,673
26188,674
26270,675
26294,676
26365,677
26456,678
26471,679
26481,680
26523,681
26528,682
26557,683
26564,684
26620,685
26712,686
26740,687
26866,688
26960,689
27119,690
27134,691
27137,692
27140,693
27163,694
27190,695
27203,696
27276,697
27283,698
27301,699
27308,700
27323,701
27325,702
27415,703
27444,704
27564,705
27575,706
27592,707
27605,708
27611,709
27656,710
27659,711
27709,712
27718,713
27788,714
27879,715
27929,716
27962,717
28012,718
28076,719
28221,720
28265,721
28311,722
28330,723
28424,724
28503,725
28574,726
28658,727
28753,728
28754,729
28758,730
28859,731
28878,732
28887,733
29005,734
29033,735
29034,736
29049,737
29061,738
29089,739
29104,740
29106,741
29171,742
29185,743
29199,744
29292,745
29353,746
29359,747
29379,748
29381,749
29454,750
29543,751
29547,752
29549,753
29552,754
29629,755
29781,756
29797,757
29856,758
29861,759
29870,760
29933,761
29937,762
30030,763
30110,764
30155,765
30160,766
30205,767
30225,768
30251,769
30302,770
30319,771
30335,772
30338,773
30380,774
30439,775
30455,776
30471,777
30547,778
30626,779
30658,780
30679,781
30691,782
30693,783
30733,784
30745,785
30767,786
30825,787
30842,788
30894,789
30926,790
30969,791
31033,792
31080,793
31103,794
31137,795
31153,796
31222,797
31257,798
31315,799
31359,800
31371,801
31462,802
31471,803
31501,804
31508,805
31513,806
31520,807
31583,808
31585,809
31604,810
31619,811
31628,812
31758,813
31819,814
31875,815
31928,816
31931,817
31973,818
32024,819
32053,820
32059,821
32091,822
32117,823
32176,824
32210,825
32227,826
32245,827
32314,828
32345,829
32431,830
32432,831
32455,832
32477,833
32480,834
32482,835
32514,836
32519,837
32555,838
32690,839
32710,840
32739,841
32802,842
32901,843
32932,844
32942,845
33082,846
33089,847
33196,848
33287,849
33296,850
33310,851
33374,852
33435,853
33479,854
33508,855
33545,856
33558,857
33582,858
33718,859
33725,860
33740,861
33755,862
33777,863
33779,864
33783,865
33864,866
33903,867
33911,868
33923,869
33988,870
34009,871
34031,872
34130,873
34144,874
34157,875
34171,876
34173,877
34191,878
34207,879
34306,880
34327,881
34400,882
34423,883
34478,884
34506,885
34510,886
34513,887
34560,888
34579,889
34591,890
34601,891
34625,892
34661,893
34666,894
34678,895
34763,896
34880,897
34906,898
34907,899
34959,900
34973,901
35035,902
35053,903
35179,904
35233,905
35260,906
35283,907
35288,908
35334,909
35362,910
35384,911
35436,912
35503,913
35507,914
35556,915
35568,916
35663,917
35685,918
35706,919
35724,920
35737,921
35851,922
35894,923
35910,924
35958,925
35992,926
36047,927
36107,928
36121,929
36200,930
36221,931
36222,932
36225,933
36226,934
36281,935
36287,936
36371,937
36412,938
36452,939
36490,940
36542,941
36543,942
36585,943
36678,944
36687,945
36704,946
36736,947
36761,948
36774,949
36801,950
36849,951
36858,952
36859,953
36874,954
36877,955
36881,956
36915,957
36949,958
36972,959
37078,960
37163,961
37175,962
37326,963
37403,964
37501,965
37504,966
37569,967
37575,968
37584,969
37619,970
37639,971
37647,972
37663,973
37671,974
37690,975
37785,976
37800,977
37884,978
37887,979
37895,980
37999,981
38023,982
38048,983
38129,984
38148,985
38149,986
38176,987
38190,988
38246,989
38344,990
38348,991
38450,992
38508,993
38516,994
38520,995
38538,996
38539,997
38662,998
38664,999
38701,1000
38772,1001
38777,1002
38789,1003
38805,1004
38836,1005
38849,1006
38864,1007
38900,1008
38906,1009
38922,1010
38947,1011
38989,1012
38995,1013
39023,1014
39211,1015
39443,1016
39521,1017
39524,1018
39530,1019
39631,1020
39648,1021
39657,1022
39665,1023
39678,1024
39718,1025
39725,1026
39743,1027
39761,1028
39768,1029
39773,1030
39786,1031
39814,1032
39821,1033
39841,1034
39861,1035
39916,1036
39938,1037
39986,1038
40075,1039
40100,1040
40126,1041
40132,1042
40135,1043
40287,1044
40291,1045
40362,1046
40366,1047
40409,1048
40508,1049
40535,1050
40609,1051
40637,1052
40644,1053
40645,1054
40653,1055
40705,1056
40743,1057
40751,1058
40766,1059
40776,1060
40840,1061
40841,1062
40867,1063
40927,1064
41026,1065
41047,1066
41082,1067
41119,1068
41137,1069
41190,1070
41250,1071
41251,1072
41380,1073
41420,1074
41472,1075
41476,1076
41536,1077
41595,1078
41599,1079
41635,1080
41689,1081
41819,1082
41866,1083
41967,1084
41989,1085
42006,1086
42009,1087
42041,1088
42104,1089
42133,1090
42161,1091
42436,1092
42443,1093
42485,1094
42623,1095
42632,1096
42637,1097
42649,1098
42668,1099
42686,1100
42720,1101
42731,1102
42744,1103
42760,1104
42795,1105
42800,1106
42804,1107
42837,1108
42900,1109
42907,1110
42911,1111
42917,1112
42964,1113
42981,1114
43000,1115
43057,1116
43061,1117
43133,1118
43162,1119
43303,1120
43316,1121
43328,1122
43374,1123
43385,1124
43412,1125
43413,1126
43457,1127
43491,1128
43514,1129
43608,1130
43684,1131
43689,1132
43716,1133
43787,1134
43822,1135
43833,1136
44102,1137
44103,1138
44134,1139
44183,1140
44184,1141
44202,1142
44207,1143
44306,1144
44339,1145
44347,1146
44360,1147
44362,1148
44429,1149
44529,1150
44562,1151
44606,1152
44624,1153
44683,1154
44723,1155
44788,1156
44799,1157
44824,1158
44908,1159
44922,1160
44924,1161
44955,1162
44967,1163
44983,1164
44988,1165
45033,1166
45035,1167
45067,1168
45227,1169
45272,1170
45317,1171
45329,1172
45341,1173
45360,1174
45366,1175
45436,1176
45456,1177
45486,1178
45491,1179
45593,1180
45608,1181
45680,1182
45788,1183
45803,1184
45810,1185
45827,1186
45838,1187
45887,1188
46092,1189
46106,1190
46111,1191
46127,1192
46136,1193
46277,1194
46289,1195
46291,1196
46340,1197
46344,1198
46408,1199
46469,1200
46471,1201
46578,1202
46636,1203
46672,1204
46694,1205
46726,1206
46730,1207
46756,1208
46842,1209
46896,1210
46897,1211
46904,1212
46910,1213
46965,1214
47030,1215
47062,1216
47065,1217
47175,1218
47251,1219
47306,1220
47312,1221
47321,1222
47362,1223
47389,1224
47421,1225
47422,1226
47426,1227
47427,1228
47471,1229
47484,1230
47507,1231
47743,1232
47949,1233
48093,1234
48099,1235
48109,1236
48118,1237
48282,1238
48287,1239
48298,1240
48362,1241
48423,1242
48438,1243
48477,1244
48513,1245
48514,1246
48556,1247
48614,1248
48698,1249
48713,1250
48778,1251
48807,1252
48813,1253
48822,1254
48823,1255
48828,1256
48878,1257
48971,1258
49047,1259
49109,1260
49147,1261
49178,1262
49254,1263
49308,1264
49318,1265
49343,1266
49379,1267
49408,1268
49412,1269
49415,1270
49416,1271
49445,1272
49459,1273
49481,1274
49515,1275
49534,1276
49538,1277
49547,1278
49568,1279
49571,1280
49588,1281
49605,1282
49621,1283
49651,1284
49772,1285
49779,1286
49806,1287
49807,1288
49900,1289
49929,1290
49969,1291
49971,1292
49978,1293
50029,1294
50041,1295
50150,1296
50197,1297
50225,1298
50264,1299
50306,1300
50338,1301
50340,1302
50360,1303
50382,1304
50422,1305
50459,1306
50472,1307
50515,1308
50570,1309
50690,1310
50826,1311
50858,1312
50862,1313
50904,1314
50969,1315
50986,1316
51108,1317
51146,1318
51212,1319
51213,1320
51219,1321
51220,1322
51235,1323
51291,1324
51404,1325
51420,1326
51440,1327
51517,1328
51524,1329
51559,1330
51748,1331
51786,1332
51801,1333
51856,1334
51881,1335
51923,1336
51953,1337
51954,1338
52031,1339
52090,1340
52095,1341
52099,1342
52157,1343
52213,1344
52230,1345
52288,1346
52412,1347
52423,1348
52502,1349
52522,1350
52632,1351
52655,1352
52714,1353
52848,1354
52904,1355
53002,1356
53013,1357
53018,1358
53042,1359
53114,1360
53118,1361
53213,1362
53279,1363
53292,1364
53324,1365
53456,1366
53493,1367
53558,1368
53573,1369
53574,1370
53677,1371
53732,1372
53757,1373
53791,1374
53793,1375
53802,1376
53945,1377
53957,1378
53987,1379
54043,1380
54142,1381
54144,1382
54267,1383
54268,1384
54338,1385
54354,1386
54396,1387
54447,1388
54452,1389
54574,1390
54629,1391
54657,1392
54667,1393
54694,1394
54713,1395
54776,1396
54791,1397
54868,1398
54872,1399
54954,1400
54974,1401
55085,1402
55114,1403
55166,1404
55247,1405
55307,1406
55332,1407
55373,1408
55380,1409
55392,1410
55414,1411
55485,1412
55558,1413
55563,1414
55571,1415
55643,1416
55647,1417
55648,1418
55649,1419
55676,1420
55743,1421
55750,1422
55772,1423
55804,1424
55854,1425
55866,1426
55906,1427
55926,1428
55993,1429
56001,1430
56029,1431
56066,1432
56090,1433
56094,1434
56149,1435
56153,1436
56158,1437
56174,1438
56186,1439
56231,1440
56276,1441
56295,1442
56355,1443
56359,1444
56370,1445
56381,1446
56460,1447
56509,1448
56589,1449
56646,1450
56648,1451
56671,1452
56716,1453
56803,1454
56807,1455
56814,1456
56855,1457
56982,1458
57011,1459
57030,1460
57044,1461
57061,1462
57080,1463
57167,1464
57199,1465
57226,1466
57240,1467
57248,1468
57259,1469
57264,1470
57266,1471
57362,1472
57449,1473
57457,1474
57565,1475
57615,1476
57736,1477
57746,1478
57819,1479
57839,1480
57900,1481
57923,1482
57953,1483
57992,1484
58032,1485
58069,1486
58198,1487
58210,1488
58218,1489
58244,1490
58271,1491
58288,1492
58402,1493
58449,1494
58453,1495
58474,1496
58541,1497
58545,1498
58603,1499
58604,1500
58649,1501
58763,1502
58803,1503
58831,1504
58833,1505
58854,1506
58921,1507
58968,1508
59005,1509
59009,1510
59016,1511
59070,1512
59151,1513
59220,1514
59252,1515
59306,1516
59370,1517
59482,1518
59494,1519
59556,1520
59605,1521
59606,1522
59650,1523
59699,1524
59718,1525
59728,1526
59766,1527
59861,1528
59866,1529
59928,1530
60002,1531
60031,1532
60090,1533
60153,1534
60169,1535
60180,1536
60204,1537
60259,1538
60388,1539
60398,1540
60405,1541
60440,1542
60472,1543
60501,1544
60529,1545
60532,1546
60554,1547
60592,1548
60619,1549
60648,1550
60737,1551
60803,1552
60887,1553
60942,1554
60949,1555
60989,1556
61039,1557
61050,1558
61198,1559
61217,1560
61262,1561
61264,1562
61306,1563
61308,1564
61320,1565
61327,1566
61388,1567
61471,1568
61525,1569
61602,1570
61636,1571
61653,1572
61689,1573
61804,1574
61868,1575
61875,1576
61950,1577
61981,1578
61982,1579
62017,1580
62021,1581
62042,1582
62069,1583
62094,1584
62103,1585
62108,1586
62214,1587
62217,1588
62303,1589
62319,1590
62363,1591
62429,1592
62490,1593
62577,1594
62662,1595
62694,1596
62697,1597
62712,1598
62744,1599
62767,1600
62795,1601
62831,1602
62970,1603
63027,1604
63033,1605
63039,1606
63048,1607
63067,1608
63138,1609
63139,1610
63150,1611
63194,1612
63207,1613
63228,1614
63251,1615
63282,1616
63398,1617
63422,1618
63439,1619
63447,1620
63618,1621
63635,1622
63639,1623
63649,1624
63723,1625
63727,1626
63795,1627
63799,1628
63843,1629
63845,1630
63921,1631
63933,1632
63944,1633
63963,1634
63965,1635
63976,1636
64024,1637
64077,1638
64181,1639
64210,1640
64221,1641
64235,1642
64239,1643
64241,1644
64265,1645
64355,1646
64395,1647
64401,1648
64426,1649
64501,1650
64509,1651
64587,1652
64612,1653
64709,1654
64769,1655
64816,1656
64878,1657
64882,1658
65033,1659
65034,1660
65053,1661
65093,1662
65097,1663
65107,1664
65108,1665
65112,1666
65159,1667
65167,1668
65203,1669
65210,1670
65224,1671
65273,1672
65308,1673
65400,1674
65456,1675
65485,1676
65502,1677
